block_id,category,mass_kg,carry_C_kg,shear_S_kg,tension_T_kg,max_cantilever,max_arch_span
acacia_button,wood,7.7,357,255,153,7,19
acacia_door,wood,144.4,6692,4780,2868,7,19
acacia_fence,wood,192.5,8922,6373,3824,7,19
acacia_fence_gate,wood,192.5,8922,6373,3824,7,19
acacia_hanging_sign,wood,23.1,1071,765,459,7,19
acacia_leaves,plant,80.0,102,51,51,0,3
acacia_log,wood_log,800.0,35690,30591,20394,8,18
acacia_planks,wood,770.0,35690,25493,15296,7,19
acacia_pressure_plate,wood,42.4,1963,1402,841,7,19
acacia_sapling,plant,1.0,0,0,0,0,0
acacia_shelf,wood,308.0,14276,10197,6118,7,19
acacia_sign,wood,38.5,1784,1275,765,7,19
acacia_slab,wood,385.0,17845,12746,7648,7,19
acacia_stairs,wood,577.5,26767,19120,11472,7,19
acacia_trapdoor,wood,144.4,6692,4780,2868,7,19
acacia_wall_hanging_sign,wood,23.1,1071,765,459,7,19
acacia_wall_sign,wood,30.8,1428,1020,612,7,19
acacia_wood,wood_log,800.0,35690,30591,20394,8,18
activator_rail,metal,157.4,5099,5099,5099,7,16
air,technical,0.0,0,0,0,0,0
allium,plant,1.0,0,0,0,0,0
amethyst_block,mineral,2650.0,40788,3059,1530,1,11
amethyst_cluster,plant,1.0,0,0,0,0,0
ancient_debris,metal,8000.0,254928,254928,254928,7,15
andesite,stone,2650.0,50986,5099,2549,1,12
andesite_slab,stone,1325.0,25493,2549,1275,1,12
andesite_stairs,stone,1987.5,38239,3824,1912,1,12
andesite_wall,stone,1325.0,25493,2549,1275,1,12
anvil,metal,2754.5,89225,89225,89225,7,16
attached_melon_stem,plant,1.0,0,0,0,0,0
attached_pumpkin_stem,plant,1.0,0,0,0,0,0
azalea,plant,1.0,0,0,0,0,0
azalea_leaves,plant,80.0,102,51,51,0,3
azure_bluet,plant,1.0,0,0,0,0,0
bamboo,plant,1.0,0,0,0,0,0
bamboo_block,wood_log,700.0,35690,30591,20394,8,20
bamboo_button,wood,7.0,357,255,153,8,20
bamboo_door,wood,131.2,6692,4780,2868,8,20
bamboo_fence,wood,175.0,8922,6373,3824,8,20
bamboo_fence_gate,wood,175.0,8922,6373,3824,8,20
bamboo_hanging_sign,wood,21.0,1071,765,459,8,20
bamboo_mosaic,wood,700.0,35690,25493,15296,8,20
bamboo_mosaic_slab,wood,350.0,17845,12746,7648,8,20
bamboo_mosaic_stairs,wood,525.0,26767,19120,11472,8,20
bamboo_planks,wood,700.0,35690,25493,15296,8,20
bamboo_pressure_plate,wood,38.5,1963,1402,841,8,20
bamboo_sapling,plant,1.0,0,0,0,0,0
bamboo_shelf,wood,280.0,14276,10197,6118,8,20
bamboo_sign,wood,35.0,1784,1275,765,8,20
bamboo_slab,wood,350.0,17845,12746,7648,8,20
bamboo_stairs,wood,525.0,26767,19120,11472,8,20
bamboo_trapdoor,wood,131.2,6692,4780,2868,8,20
bamboo_wall_hanging_sign,wood,21.0,1071,765,459,8,20
bamboo_wall_sign,wood,28.0,1428,1020,612,8,20
barrel,wood_utility,700.0,35690,20394,12237,7,20
barrier,technical,0.0,0,0,0,0,0
basalt,stone,3000.0,81577,6118,3059,1,14
beacon,utility,1560.0,18355,1835,918,1,9
bedrock,unbreakable,20000.0,10197100,10197100,10197100,31,63
bee_nest,wood_utility,700.0,35690,20394,12237,7,20
beehive,wood_utility,700.0,35690,20394,12237,7,20
beetroots,plant,1.0,0,0,0,0,0
bell,utility,390.0,4589,459,229,1,9
big_dripleaf,plant,1.0,0,0,0,0,0
big_dripleaf_stem,plant,1.0,0,0,0,0,0
birch_button,wood,6.4,357,255,153,8,21
birch_door,wood,120.0,6692,4780,2868,8,21
birch_fence,wood,160.0,8922,6373,3824,8,21
birch_fence_gate,wood,160.0,8922,6373,3824,8,21
birch_hanging_sign,wood,19.2,1071,765,459,8,21
birch_leaves,plant,80.0,102,51,51,0,3
birch_log,wood_log,650.0,35690,30591,20394,9,20
birch_planks,wood,640.0,35690,25493,15296,8,21
birch_pressure_plate,wood,35.2,1963,1402,841,8,21
birch_sapling,plant,1.0,0,0,0,0,0
birch_shelf,wood,256.0,14276,10197,6118,8,21
birch_sign,wood,32.0,1784,1275,765,8,21
birch_slab,wood,320.0,17845,12746,7648,8,21
birch_stairs,wood,480.0,26767,19120,11472,8,21
birch_trapdoor,wood,120.0,6692,4780,2868,8,21
birch_wall_hanging_sign,wood,19.2,1071,765,459,8,21
birch_wall_sign,wood,25.6,1428,1020,612,8,21
birch_wood,wood_log,650.0,35690,30591,20394,9,20
black_banner,soft,5.0,10,2,2,0,4
black_bed,soft,175.0,178,36,36,0,2
black_candle,organic,4.8,5,2,1,0,2
black_candle_cake,organic,320.0,408,122,41,0,3
black_carpet,soft,15.6,32,6,6,0,4
black_concrete,stone_like,2400.0,30591,3059,1530,1,10
black_concrete_powder,granular,1600.0,510,1,0,0,1
black_glazed_terracotta,ceramic,2000.0,15296,1020,510,0,7
black_shulker_box,container,340.0,4334,1734,867,2,10
black_stained_glass,glass,2500.0,50986,1020,510,0,12
black_stained_glass_pane,glass,312.5,6373,127,64,0,12
black_terracotta,ceramic,2000.0,15296,1020,510,0,7
black_wall_banner,soft,5.0,10,2,2,0,4
black_wool,soft,250.0,510,102,102,0,4
black_wool_slab,soft,125.0,255,51,51,0,4
black_wool_stairs,soft,187.5,382,76,76,0,4
blackstone,stone,2900.0,61183,6118,3059,1,12
blackstone_slab,stone,1450.0,30591,3059,1530,1,12
blackstone_stairs,stone,2175.0,45887,4589,2294,1,12
blackstone_wall,stone,1450.0,30591,3059,1530,1,12
blast_furnace,utility,2600.0,30591,3059,1530,1,9
blue_banner,soft,5.0,10,2,2,0,4
blue_bed,soft,175.0,178,36,36,0,2
blue_candle,organic,4.8,5,2,1,0,2
blue_candle_cake,organic,320.0,408,122,41,0,3
blue_carpet,soft,15.6,32,6,6,0,4
blue_concrete,stone_like,2400.0,30591,3059,1530,1,10
blue_concrete_powder,granular,1600.0,510,1,0,0,1
blue_glazed_terracotta,ceramic,2000.0,15296,1020,510,0,7
blue_ice,frozen,920.0,10197,1530,816,1,9
blue_orchid,plant,1.0,0,0,0,0,0
blue_shulker_box,container,340.0,4334,1734,867,2,10
blue_stained_glass,glass,2500.0,50986,1020,510,0,12
blue_stained_glass_pane,glass,312.5,6373,127,64,0,12
blue_terracotta,ceramic,2000.0,15296,1020,510,0,7
blue_wall_banner,soft,5.0,10,2,2,0,4
blue_wool,soft,250.0,510,102,102,0,4
blue_wool_slab,soft,125.0,255,51,51,0,4
blue_wool_stairs,soft,187.5,382,76,76,0,4
bone_block,organic,1900.0,101971,20394,10197,4,20
bookshelf,wood_utility,700.0,35690,20394,12237,7,20
brain_coral,coral,1500.0,5099,510,204,0,5
brain_coral_block,coral,1500.0,5099,510,204,0,5
brain_coral_fan,coral,15.0,51,5,2,0,5
brain_coral_wall_fan,coral,15.0,51,5,2,0,5
brewing_stand,utility,2600.0,30591,3059,1530,1,9
brick_slab,ceramic,950.0,7648,510,255,0,8
brick_stairs,ceramic,1425.0,11472,765,382,0,8
brick_wall,ceramic,950.0,7648,510,255,0,8
bricks,ceramic,1900.0,15296,1020,510,0,8
brown_banner,soft,5.0,10,2,2,0,4
brown_bed,soft,175.0,178,36,36,0,2
brown_candle,organic,4.8,5,2,1,0,2
brown_candle_cake,organic,320.0,408,122,41,0,3
brown_carpet,soft,15.6,32,6,6,0,4
brown_concrete,stone_like,2400.0,30591,3059,1530,1,10
brown_concrete_powder,granular,1600.0,510,1,0,0,1
brown_glazed_terracotta,ceramic,2000.0,15296,1020,510,0,7
brown_mushroom,plant,1.0,0,0,0,0,0
brown_mushroom_block,organic,150.0,1020,306,102,1,7
brown_shulker_box,container,340.0,4334,1734,867,2,10
brown_stained_glass,glass,2500.0,50986,1020,510,0,12
brown_stained_glass_pane,glass,312.5,6373,127,64,0,12
brown_terracotta,ceramic,2000.0,15296,1020,510,0,7
brown_wall_banner,soft,5.0,10,2,2,0,4
brown_wool,soft,250.0,510,102,102,0,4
brown_wool_slab,soft,125.0,255,51,51,0,4
brown_wool_stairs,soft,187.5,382,76,76,0,4
bubble_column,technical,0.0,0,0,0,0,0
bubble_coral,coral,1500.0,5099,510,204,0,5
bubble_coral_block,coral,1500.0,5099,510,204,0,5
bubble_coral_fan,coral,15.0,51,5,2,0,5
bubble_coral_wall_fan,coral,15.0,51,5,2,0,5
budding_amethyst,mineral,2650.0,40788,3059,1530,1,11
bush,plant,1.0,0,0,0,0,0
cactus,organic,600.0,1020,306,102,0,3
cactus_flower,plant,1.0,0,0,0,0,0
cake,utility,1040.0,12237,1224,612,1,9
calcite,stone,2710.0,50986,5099,2549,1,12
calibrated_sculk_sensor,organic,900.0,1020,306,102,0,3
campfire,wood_utility,210.0,10707,6118,3671,7,20
candle,organic,4.8,5,2,1,0,2
candle_cake,organic,320.0,408,122,41,0,3
carrots,plant,1.0,0,0,0,0,0
cartography_table,wood_utility,700.0,35690,20394,12237,7,20
carved_pumpkin,organic,700.0,1020,306,102,0,3
cauldron,utility,780.0,9177,918,459,1,9
cave_air,technical,0.0,0,0,0,0,0
cave_vines,plant,1.0,0,0,0,0,0
cave_vines_plant,plant,1.0,0,0,0,0,0
chain_command_block,utility,2600.0,30591,3059,1530,1,9
cherry_button,wood,5.8,357,255,153,8,22
cherry_door,wood,108.8,6692,4780,2868,8,22
cherry_fence,wood,145.0,8922,6373,3824,8,22
cherry_fence_gate,wood,145.0,8922,6373,3824,8,22
cherry_hanging_sign,wood,17.4,1071,765,459,8,22
cherry_leaves,plant,80.0,102,51,51,0,3
cherry_log,wood_log,610.0,35690,30591,20394,9,21
cherry_planks,wood,580.0,35690,25493,15296,8,22
cherry_pressure_plate,wood,31.9,1963,1402,841,8,22
cherry_sapling,plant,1.0,0,0,0,0,0
cherry_shelf,wood,232.0,14276,10197,6118,8,22
cherry_sign,wood,29.0,1784,1275,765,8,22
cherry_slab,wood,290.0,17845,12746,7648,8,22
cherry_stairs,wood,435.0,26767,19120,11472,8,22
cherry_trapdoor,wood,108.8,6692,4780,2868,8,22
cherry_wall_hanging_sign,wood,17.4,1071,765,459,8,22
cherry_wall_sign,wood,23.2,1428,1020,612,8,22
cherry_wood,wood_log,610.0,35690,30591,20394,9,21
chest,wood_utility,595.0,30336,17335,10401,7,20
chipped_anvil,metal,2754.5,89225,89225,89225,7,16
chiseled_bookshelf,wood_utility,700.0,35690,20394,12237,7,20
chiseled_cinnabar,mineral,8100.0,30591,1020,510,0,5
chiseled_copper,metal,8960.0,152956,152956,152956,5,11
chiseled_deepslate,stone,2800.0,81577,8158,4079,1,15
chiseled_nether_bricks,ceramic,2000.0,15296,1020,510,0,7
chiseled_polished_blackstone,stone,2900.0,61183,6118,3059,1,12
chiseled_quartz_block,mineral,2650.0,40788,3059,1530,1,11
chiseled_red_sandstone,stone,2300.0,30591,2039,1020,0,10
chiseled_resin_bricks,mineral,1100.0,20394,2039,1020,1,12
chiseled_sandstone,stone,2300.0,30591,2039,1020,0,10
chiseled_stone_bricks,stone,2600.0,50986,5099,2549,1,12
chiseled_sulfur,mineral,2070.0,10197,510,204,0,6
chiseled_tuff,stone,1600.0,20394,2039,1020,1,10
chiseled_tuff_bricks,stone,1600.0,20394,2039,1020,1,10
chorus_flower,plant,1.0,0,0,0,0,0
chorus_plant,plant,1.0,0,0,0,0,0
cinnabar,mineral,8100.0,30591,1020,510,0,5
cinnabar_brick_slab,mineral,4050.0,15296,510,255,0,5
cinnabar_brick_stairs,mineral,6075.0,22943,765,382,0,5
cinnabar_brick_wall,mineral,4050.0,15296,510,255,0,5
cinnabar_bricks,mineral,8100.0,30591,1020,510,0,5
cinnabar_slab,mineral,4050.0,15296,510,255,0,5
cinnabar_stairs,mineral,6075.0,22943,765,382,0,5
cinnabar_wall,mineral,4050.0,15296,510,255,0,5
clay,soil,1760.0,510,102,20,0,1
closed_eyeblossom,plant,1.0,0,0,0,0,0
coal_block,mineral,1350.0,10197,1020,510,0,7
coal_ore,ore,2900.0,40788,4079,2039,1,10
coarse_dirt,soil,1400.0,306,51,10,0,1
cobbled_deepslate,stone,2800.0,81577,8158,4079,1,15
cobbled_deepslate_slab,stone,1400.0,40788,4079,2039,1,15
cobbled_deepslate_stairs,stone,2100.0,61183,6118,3059,1,15
cobbled_deepslate_wall,stone,1400.0,40788,4079,2039,1,15
cobblestone,stone,2200.0,30591,1530,510,0,10
cobblestone_slab,stone,1100.0,15296,765,255,0,10
cobblestone_stairs,stone,1650.0,22943,1147,382,0,10
cobblestone_wall,stone,1100.0,15296,765,255,0,10
cobweb,plant,1.0,0,0,0,0,0
cocoa,plant,1.0,0,0,0,0,0
command_block,utility,2600.0,30591,3059,1530,1,9
comparator,utility,2600.0,30591,3059,1530,1,9
composter,wood_utility,700.0,35690,20394,12237,7,20
conduit,utility,130.0,1530,153,76,1,9
copper_bars,metal,716.8,12237,12237,12237,5,11
copper_block,metal,8960.0,152956,152956,152956,5,11
copper_bulb,metal,8960.0,152956,152956,152956,5,11
copper_chain,metal,268.8,4589,4589,4589,5,11
copper_chest,metal,8960.0,152956,152956,152956,5,11
copper_door,metal,1680.0,28679,28679,28679,5,11
copper_golem_statue,metal,5376.0,91774,91774,91774,5,11
copper_grate,metal,4480.0,76478,76478,76478,5,11
copper_lantern,metal,448.0,7648,7648,7648,5,11
copper_ore,ore,2900.0,40788,4079,2039,1,10
copper_torch,metal,44.8,765,765,765,5,11
copper_trapdoor,metal,1680.0,28679,28679,28679,5,11
copper_wall_torch,metal,44.8,765,765,765,5,11
cornflower,plant,1.0,0,0,0,0,0
cracked_deepslate_bricks,stone,2800.0,81577,8158,4079,1,15
cracked_deepslate_tiles,stone,2800.0,81577,8158,4079,1,15
cracked_nether_bricks,ceramic,2000.0,15296,1020,510,0,7
cracked_polished_blackstone_bricks,stone,2900.0,61183,6118,3059,1,12
cracked_stone_bricks,stone,2600.0,50986,5099,2549,1,12
crafter,utility,2600.0,30591,3059,1530,1,9
crafting_table,wood_utility,700.0,35690,20394,12237,7,20
creaking_heart,utility,2600.0,30591,3059,1530,1,9
creeper_head,organic,76.0,41,12,4,0,2
creeper_wall_head,organic,76.0,41,12,4,0,2
crimson_button,wood,5.0,357,255,153,9,23
crimson_door,wood,93.8,6692,4780,2868,9,23
crimson_fence,wood,125.0,8922,6373,3824,9,23
crimson_fence_gate,wood,125.0,8922,6373,3824,9,23
crimson_fungus,plant,1.0,0,0,0,0,0
crimson_hanging_sign,wood,15.0,1071,765,459,9,23
crimson_hyphae,wood_log,550.0,35690,30591,20394,10,22
crimson_nylium,stone,1900.0,50986,5099,2549,1,14
crimson_planks,wood,500.0,35690,25493,15296,9,23
crimson_pressure_plate,wood,27.5,1963,1402,841,9,23
crimson_roots,plant,1.0,0,0,0,0,0
crimson_shelf,wood,200.0,14276,10197,6118,9,23
crimson_sign,wood,25.0,1784,1275,765,9,23
crimson_slab,wood,250.0,17845,12746,7648,9,23
crimson_stairs,wood,375.0,26767,19120,11472,9,23
crimson_stem,plant,1.0,0,0,0,0,0
crimson_trapdoor,wood,93.8,6692,4780,2868,9,23
crimson_wall_hanging_sign,wood,15.0,1071,765,459,9,23
crimson_wall_sign,wood,20.0,1428,1020,612,9,23
crying_obsidian,stone,2700.0,101971,2039,1020,0,17
cut_copper,metal,8960.0,152956,152956,152956,5,11
cut_copper_slab,metal,4480.0,76478,76478,76478,5,11
cut_copper_stairs,metal,6720.0,114717,114717,114717,5,11
cut_red_sandstone,stone,2300.0,30591,2039,1020,0,10
cut_red_sandstone_slab,stone,1150.0,15296,1020,510,0,10
cut_sandstone,stone,2300.0,30591,2039,1020,0,10
cut_sandstone_slab,stone,1150.0,15296,1020,510,0,10
cyan_banner,soft,5.0,10,2,2,0,4
cyan_bed,soft,175.0,178,36,36,0,2
cyan_candle,organic,4.8,5,2,1,0,2
cyan_candle_cake,organic,320.0,408,122,41,0,3
cyan_carpet,soft,15.6,32,6,6,0,4
cyan_concrete,stone_like,2400.0,30591,3059,1530,1,10
cyan_concrete_powder,granular,1600.0,510,1,0,0,1
cyan_glazed_terracotta,ceramic,2000.0,15296,1020,510,0,7
cyan_shulker_box,container,340.0,4334,1734,867,2,10
cyan_stained_glass,glass,2500.0,50986,1020,510,0,12
cyan_stained_glass_pane,glass,312.5,6373,127,64,0,12
cyan_terracotta,ceramic,2000.0,15296,1020,510,0,7
cyan_wall_banner,soft,5.0,10,2,2,0,4
cyan_wool,soft,250.0,510,102,102,0,4
cyan_wool_slab,soft,125.0,255,51,51,0,4
cyan_wool_stairs,soft,187.5,382,76,76,0,4
damaged_anvil,metal,2754.5,89225,89225,89225,7,16
dandelion,plant,1.0,0,0,0,0,0
dark_oak_button,wood,7.7,357,255,153,7,19
dark_oak_door,wood,144.4,6692,4780,2868,7,19
dark_oak_fence,wood,192.5,8922,6373,3824,7,19
dark_oak_fence_gate,wood,192.5,8922,6373,3824,7,19
dark_oak_hanging_sign,wood,23.1,1071,765,459,7,19
dark_oak_leaves,plant,80.0,102,51,51,0,3
dark_oak_log,wood_log,900.0,35690,30591,20394,7,17
dark_oak_planks,wood,770.0,35690,25493,15296,7,19
dark_oak_pressure_plate,wood,42.4,1963,1402,841,7,19
dark_oak_sapling,plant,1.0,0,0,0,0,0
dark_oak_shelf,wood,308.0,14276,10197,6118,7,19
dark_oak_sign,wood,38.5,1784,1275,765,7,19
dark_oak_slab,wood,385.0,17845,12746,7648,7,19
dark_oak_stairs,wood,577.5,26767,19120,11472,7,19
dark_oak_trapdoor,wood,144.4,6692,4780,2868,7,19
dark_oak_wall_hanging_sign,wood,23.1,1071,765,459,7,19
dark_oak_wall_sign,wood,30.8,1428,1020,612,7,19
dark_oak_wood,wood_log,900.0,35690,30591,20394,7,17
dark_prismarine,stone,2600.0,50986,5099,2549,1,12
dark_prismarine_slab,stone,1300.0,25493,2549,1275,1,12
dark_prismarine_stairs,stone,1950.0,38239,3824,1912,1,12
daylight_detector,utility,2600.0,30591,3059,1530,1,9
dead_brain_coral,coral,1500.0,5099,510,204,0,5
dead_brain_coral_block,coral,1500.0,5099,510,204,0,5
dead_brain_coral_fan,coral,15.0,51,5,2,0,5
dead_brain_coral_wall_fan,coral,15.0,51,5,2,0,5
dead_bubble_coral,coral,1500.0,5099,510,204,0,5
dead_bubble_coral_block,coral,1500.0,5099,510,204,0,5
dead_bubble_coral_fan,coral,15.0,51,5,2,0,5
dead_bubble_coral_wall_fan,coral,15.0,51,5,2,0,5
dead_bush,plant,1.0,0,0,0,0,0
dead_fire_coral,coral,1500.0,5099,510,204,0,5
dead_fire_coral_block,coral,1500.0,5099,510,204,0,5
dead_fire_coral_fan,coral,15.0,51,5,2,0,5
dead_fire_coral_wall_fan,coral,15.0,51,5,2,0,5
dead_horn_coral,coral,1500.0,5099,510,204,0,5
dead_horn_coral_block,coral,1500.0,5099,510,204,0,5
dead_horn_coral_fan,coral,15.0,51,5,2,0,5
dead_horn_coral_wall_fan,coral,15.0,51,5,2,0,5
dead_tube_coral,coral,1500.0,5099,510,204,0,5
dead_tube_coral_block,coral,1500.0,5099,510,204,0,5
dead_tube_coral_fan,coral,15.0,51,5,2,0,5
dead_tube_coral_wall_fan,coral,15.0,51,5,2,0,5
decorated_pot,utility,260.0,3059,306,153,1,9
deepslate,stone,2800.0,81577,8158,4079,1,15
deepslate_brick_slab,stone,1400.0,40788,4079,2039,1,15
deepslate_brick_stairs,stone,2100.0,61183,6118,3059,1,15
deepslate_brick_wall,stone,1400.0,40788,4079,2039,1,15
deepslate_bricks,stone,2800.0,81577,8158,4079,1,15
deepslate_coal_ore,ore,3100.0,61183,6118,3059,1,12
deepslate_copper_ore,ore,3100.0,61183,6118,3059,1,12
deepslate_diamond_ore,ore,3100.0,61183,6118,3059,1,12
deepslate_emerald_ore,ore,3100.0,61183,6118,3059,1,12
deepslate_gold_ore,ore,3100.0,61183,6118,3059,1,12
deepslate_iron_ore,ore,3100.0,61183,6118,3059,1,12
deepslate_lapis_ore,ore,3100.0,61183,6118,3059,1,12
deepslate_redstone_ore,ore,3100.0,61183,6118,3059,1,12
deepslate_tile_slab,stone,1400.0,40788,4079,2039,1,15
deepslate_tile_stairs,stone,2100.0,61183,6118,3059,1,15
deepslate_tile_wall,stone,1400.0,40788,4079,2039,1,15
deepslate_tiles,stone,2800.0,81577,8158,4079,1,15
detector_rail,metal,157.4,5099,5099,5099,7,16
diamond_block,gem,3510.0,61183,10197,5099,1,11
diamond_ore,ore,2900.0,40788,4079,2039,1,10
diorite,stone,2800.0,50986,5099,2549,1,12
diorite_slab,stone,1400.0,25493,2549,1275,1,12
diorite_stairs,stone,2100.0,38239,3824,1912,1,12
diorite_wall,stone,1400.0,25493,2549,1275,1,12
dirt,soil,1300.0,306,51,10,0,1
dirt_path,soil,1400.0,306,51,10,0,1
dispenser,utility,2600.0,30591,3059,1530,1,9
dragon_egg,stone,2550.0,50986,5099,2549,1,12
dragon_head,organic,76.0,41,12,4,0,2
dragon_wall_head,organic,76.0,41,12,4,0,2
dried_ghast,organic,240.0,1020,306,102,1,5
dried_kelp_block,organic,400.0,1020,306,102,0,4
dripstone_block,stone,2400.0,50986,5099,2549,1,13
dropper,utility,2600.0,30591,3059,1530,1,9
emerald_block,gem,2760.0,61183,10197,5099,2,13
emerald_ore,ore,2900.0,40788,4079,2039,1,10
enchanting_table,utility,2600.0,30591,3059,1530,1,9
end_gateway,technical,0.0,0,0,0,0,0
end_portal,technical,0.0,0,0,0,0,0
end_portal_frame,utility,2600.0,30591,3059,1530,1,9
end_rod,mineral,50.0,816,61,31,1,11
end_stone,stone,2200.0,25493,2039,1020,0,9
end_stone_brick_slab,stone,1300.0,12746,1020,510,0,8
end_stone_brick_stairs,stone,1950.0,19120,1530,765,0,8
end_stone_brick_wall,stone,1300.0,12746,1020,510,0,8
end_stone_bricks,stone,2600.0,25493,2039,1020,0,8
ender_chest,utility,2210.0,26003,2600,1300,1,9
exposed_chiseled_copper,metal,8960.0,152956,152956,152956,5,11
exposed_copper,metal,8960.0,152956,152956,152956,5,11
exposed_copper_bars,metal,716.8,12237,12237,12237,5,11
exposed_copper_bulb,metal,8960.0,152956,152956,152956,5,11
exposed_copper_chain,metal,268.8,4589,4589,4589,5,11
exposed_copper_chest,metal,8960.0,152956,152956,152956,5,11
exposed_copper_door,metal,1680.0,28679,28679,28679,5,11
exposed_copper_golem_statue,metal,5376.0,91774,91774,91774,5,11
exposed_copper_grate,metal,4480.0,76478,76478,76478,5,11
exposed_copper_lantern,metal,448.0,7648,7648,7648,5,11
exposed_copper_trapdoor,metal,1680.0,28679,28679,28679,5,11
exposed_cut_copper,metal,8960.0,152956,152956,152956,5,11
exposed_cut_copper_slab,metal,4480.0,76478,76478,76478,5,11
exposed_cut_copper_stairs,metal,6720.0,114717,114717,114717,5,11
exposed_lightning_rod,metal,268.8,7648,7648,7648,7,15
farmland,soil,1300.0,306,51,10,0,1
fern,plant,1.0,0,0,0,0,0
fire,technical,0.0,0,0,0,0,0
fire_coral,coral,1500.0,5099,510,204,0,5
fire_coral_block,coral,1500.0,5099,510,204,0,5
fire_coral_fan,coral,15.0,51,5,2,0,5
fire_coral_wall_fan,coral,15.0,51,5,2,0,5
firefly_bush,plant,1.0,0,0,0,0,0
fletching_table,wood_utility,700.0,35690,20394,12237,7,20
flower_pot,utility,52.0,612,61,31,1,9
flowering_azalea,plant,1.0,0,0,0,0,0
flowering_azalea_leaves,plant,80.0,102,51,51,0,3
frogspawn,plant,1.0,0,0,0,0,0
frosted_ice,technical,0.0,0,0,0,0,0
furnace,utility,2600.0,30591,3059,1530,1,9
gilded_blackstone,ore,2900.0,12237,1020,510,0,5
glass,glass,2500.0,50986,1020,510,0,12
glass_pane,glass,312.5,6373,127,64,0,12
glow_lichen,plant,1.0,0,0,0,0,0
glowstone,mineral,2200.0,40788,3059,1530,1,12
gold_block,metal,19300.0,30591,20394,20394,1,3
gold_ore,ore,2900.0,40788,4079,2039,1,10
golden_dandelion,plant,1.0,0,0,0,0,0
granite,stone,2700.0,50986,5099,2549,1,12
granite_slab,stone,1350.0,25493,2549,1275,1,12
granite_stairs,stone,2025.0,38239,3824,1912,1,12
granite_wall,stone,1350.0,25493,2549,1275,1,12
grass_block,soil,1400.0,510,153,51,0,1
gravel,granular,1680.0,510,1,0,0,1
gray_banner,soft,5.0,10,2,2,0,4
gray_bed,soft,175.0,178,36,36,0,2
gray_candle,organic,4.8,5,2,1,0,2
gray_candle_cake,organic,320.0,408,122,41,0,3
gray_carpet,soft,15.6,32,6,6,0,4
gray_concrete,stone_like,2400.0,30591,3059,1530,1,10
gray_concrete_powder,granular,1600.0,510,1,0,0,1
gray_glazed_terracotta,ceramic,2000.0,15296,1020,510,0,7
gray_shulker_box,container,340.0,4334,1734,867,2,10
gray_stained_glass,glass,2500.0,50986,1020,510,0,12
gray_stained_glass_pane,glass,312.5,6373,127,64,0,12
gray_terracotta,ceramic,2000.0,15296,1020,510,0,7
gray_wall_banner,soft,5.0,10,2,2,0,4
gray_wool,soft,250.0,510,102,102,0,4
gray_wool_slab,soft,125.0,255,51,51,0,4
gray_wool_stairs,soft,187.5,382,76,76,0,4
green_banner,soft,5.0,10,2,2,0,4
green_bed,soft,175.0,178,36,36,0,2
green_candle,organic,4.8,5,2,1,0,2
green_candle_cake,organic,320.0,408,122,41,0,3
green_carpet,soft,15.6,32,6,6,0,4
green_concrete,stone_like,2400.0,30591,3059,1530,1,10
green_concrete_powder,granular,1600.0,510,1,0,0,1
green_glazed_terracotta,ceramic,2000.0,15296,1020,510,0,7
green_shulker_box,container,340.0,4334,1734,867,2,10
green_stained_glass,glass,2500.0,50986,1020,510,0,12
green_stained_glass_pane,glass,312.5,6373,127,64,0,12
green_terracotta,ceramic,2000.0,15296,1020,510,0,7
green_wall_banner,soft,5.0,10,2,2,0,4
green_wool,soft,250.0,510,102,102,0,4
green_wool_slab,soft,125.0,255,51,51,0,4
green_wool_stairs,soft,187.5,382,76,76,0,4
grindstone,utility,2600.0,30591,3059,1530,1,9
hanging_roots,plant,1.0,0,0,0,0,0
hay_block,organic,240.0,1020,306,102,1,5
heavy_core,metal,15000.0,30591,20394,20394,1,4
heavy_weighted_pressure_plate,metal,579.0,918,612,612,1,3
honey_block,organic,1420.0,1020,306,102,0,2
honeycomb_block,organic,900.0,1020,306,102,0,3
hopper,utility,1040.0,12237,1224,612,1,9
horn_coral,coral,1500.0,5099,510,204,0,5
horn_coral_block,coral,1500.0,5099,510,204,0,5
horn_coral_fan,coral,15.0,51,5,2,0,5
horn_coral_wall_fan,coral,15.0,51,5,2,0,5
ice,frozen,917.0,8158,1020,510,1,8
infested_chiseled_stone_bricks,stone,2600.0,50986,5099,2549,1,12
infested_cobblestone,stone,2200.0,30591,1530,510,0,10
infested_cracked_stone_bricks,stone,2600.0,50986,5099,2549,1,12
infested_deepslate,stone,2800.0,81577,8158,4079,1,15
infested_mossy_stone_bricks,stone,2600.0,50986,5099,2549,1,12
infested_stone,stone,2600.0,50986,5099,2549,1,12
infested_stone_bricks,stone,2600.0,50986,5099,2549,1,12
iron_bars,metal,629.6,20394,20394,20394,7,16
iron_block,metal,7870.0,254928,254928,254928,7,16
iron_chain,metal,236.1,7648,7648,7648,7,16
iron_door,metal,1475.6,47799,47799,47799,7,16
iron_ore,ore,2900.0,40788,4079,2039,1,10
iron_trapdoor,metal,1475.6,47799,47799,47799,7,16
jack_o_lantern,organic,700.0,1020,306,102,0,3
jigsaw,technical,0.0,0,0,0,0,0
jukebox,wood_utility,700.0,35690,20394,12237,7,20
jungle_button,wood,7.0,357,255,153,8,20
jungle_door,wood,131.2,6692,4780,2868,8,20
jungle_fence,wood,175.0,8922,6373,3824,8,20
jungle_fence_gate,wood,175.0,8922,6373,3824,8,20
jungle_hanging_sign,wood,21.0,1071,765,459,8,20
jungle_leaves,plant,80.0,102,51,51,0,3
jungle_log,wood_log,850.0,35690,30591,20394,7,18
jungle_planks,wood,700.0,35690,25493,15296,8,20
jungle_pressure_plate,wood,38.5,1963,1402,841,8,20
jungle_sapling,plant,1.0,0,0,0,0,0
jungle_shelf,wood,280.0,14276,10197,6118,8,20
jungle_sign,wood,35.0,1784,1275,765,8,20
jungle_slab,wood,350.0,17845,12746,7648,8,20
jungle_stairs,wood,525.0,26767,19120,11472,8,20
jungle_trapdoor,wood,131.2,6692,4780,2868,8,20
jungle_wall_hanging_sign,wood,21.0,1071,765,459,8,20
jungle_wall_sign,wood,28.0,1428,1020,612,8,20
jungle_wood,wood_log,850.0,35690,30591,20394,7,18
kelp,plant,1.0,0,0,0,0,0
kelp_plant,plant,1.0,0,0,0,0,0
ladder,plant,1.0,0,0,0,0,0
lantern,metal,393.5,12746,12746,12746,7,16
lapis_block,gem,2800.0,61183,10197,5099,2,13
lapis_ore,ore,2900.0,40788,4079,2039,1,10
large_amethyst_bud,plant,1.0,0,0,0,0,0
large_fern,plant,1.0,0,0,0,0,0
lava,technical,0.0,0,0,0,0,0
lava_cauldron,utility,780.0,9177,918,459,1,9
leaf_litter,plant,1.0,0,0,0,0,0
lectern,wood_utility,700.0,35690,20394,12237,7,20
lever,plant,1.0,0,0,0,0,0
light,technical,0.0,0,0,0,0,0
light_blue_banner,soft,5.0,10,2,2,0,4
light_blue_bed,soft,175.0,178,36,36,0,2
light_blue_candle,organic,4.8,5,2,1,0,2
light_blue_candle_cake,organic,320.0,408,122,41,0,3
light_blue_carpet,soft,15.6,32,6,6,0,4
light_blue_concrete,stone_like,2400.0,30591,3059,1530,1,10
light_blue_concrete_powder,granular,1600.0,510,1,0,0,1
light_blue_glazed_terracotta,ceramic,2000.0,15296,1020,510,0,7
light_blue_shulker_box,container,340.0,4334,1734,867,2,10
light_blue_stained_glass,glass,2500.0,50986,1020,510,0,12
light_blue_stained_glass_pane,glass,312.5,6373,127,64,0,12
light_blue_terracotta,ceramic,2000.0,15296,1020,510,0,7
light_blue_wall_banner,soft,5.0,10,2,2,0,4
light_blue_wool,soft,250.0,510,102,102,0,4
light_blue_wool_slab,soft,125.0,255,51,51,0,4
light_blue_wool_stairs,soft,187.5,382,76,76,0,4
light_gray_banner,soft,5.0,10,2,2,0,4
light_gray_bed,soft,175.0,178,36,36,0,2
light_gray_candle,organic,4.8,5,2,1,0,2
light_gray_candle_cake,organic,320.0,408,122,41,0,3
light_gray_carpet,soft,15.6,32,6,6,0,4
light_gray_concrete,stone_like,2400.0,30591,3059,1530,1,10
light_gray_concrete_powder,granular,1600.0,510,1,0,0,1
light_gray_glazed_terracotta,ceramic,2000.0,15296,1020,510,0,7
light_gray_shulker_box,container,340.0,4334,1734,867,2,10
light_gray_stained_glass,glass,2500.0,50986,1020,510,0,12
light_gray_stained_glass_pane,glass,312.5,6373,127,64,0,12
light_gray_terracotta,ceramic,2000.0,15296,1020,510,0,7
light_gray_wall_banner,soft,5.0,10,2,2,0,4
light_gray_wool,soft,250.0,510,102,102,0,4
light_gray_wool_slab,soft,125.0,255,51,51,0,4
light_gray_wool_stairs,soft,187.5,382,76,76,0,4
light_weighted_pressure_plate,metal,579.0,918,612,612,1,3
lightning_rod,metal,268.8,7648,7648,7648,7,15
lilac,plant,1.0,0,0,0,0,0
lily_of_the_valley,plant,1.0,0,0,0,0,0
lily_pad,plant,1.0,0,0,0,0,0
lime_banner,soft,5.0,10,2,2,0,4
lime_bed,soft,175.0,178,36,36,0,2
lime_candle,organic,4.8,5,2,1,0,2
lime_candle_cake,organic,320.0,408,122,41,0,3
lime_carpet,soft,15.6,32,6,6,0,4
lime_concrete,stone_like,2400.0,30591,3059,1530,1,10
lime_concrete_powder,granular,1600.0,510,1,0,0,1
lime_glazed_terracotta,ceramic,2000.0,15296,1020,510,0,7
lime_shulker_box,container,340.0,4334,1734,867,2,10
lime_stained_glass,glass,2500.0,50986,1020,510,0,12
lime_stained_glass_pane,glass,312.5,6373,127,64,0,12
lime_terracotta,ceramic,2000.0,15296,1020,510,0,7
lime_wall_banner,soft,5.0,10,2,2,0,4
lime_wool,soft,250.0,510,102,102,0,4
lime_wool_slab,soft,125.0,255,51,51,0,4
lime_wool_stairs,soft,187.5,382,76,76,0,4
lodestone,metal,5200.0,254928,254928,254928,9,19
loom,wood_utility,700.0,35690,20394,12237,7,20
magenta_banner,soft,5.0,10,2,2,0,4
magenta_bed,soft,175.0,178,36,36,0,2
magenta_candle,organic,4.8,5,2,1,0,2
magenta_candle_cake,organic,320.0,408,122,41,0,3
magenta_carpet,soft,15.6,32,6,6,0,4
magenta_concrete,stone_like,2400.0,30591,3059,1530,1,10
magenta_concrete_powder,granular,1600.0,510,1,0,0,1
magenta_glazed_terracotta,ceramic,2000.0,15296,1020,510,0,7
magenta_shulker_box,container,340.0,4334,1734,867,2,10
magenta_stained_glass,glass,2500.0,50986,1020,510,0,12
magenta_stained_glass_pane,glass,312.5,6373,127,64,0,12
magenta_terracotta,ceramic,2000.0,15296,1020,510,0,7
magenta_wall_banner,soft,5.0,10,2,2,0,4
magenta_wool,soft,250.0,510,102,102,0,4
magenta_wool_slab,soft,125.0,255,51,51,0,4
magenta_wool_stairs,soft,187.5,382,76,76,0,4
magma_block,stone,2800.0,50986,5099,2549,1,12
mangrove_button,wood,8.0,357,255,153,7,18
mangrove_door,wood,150.0,6692,4780,2868,7,18
mangrove_fence,wood,200.0,8922,6373,3824,7,18
mangrove_fence_gate,wood,200.0,8922,6373,3824,7,18
mangrove_hanging_sign,wood,24.0,1071,765,459,7,18
mangrove_leaves,plant,80.0,102,51,51,0,3
mangrove_log,wood_log,850.0,35690,30591,20394,7,18
mangrove_planks,wood,800.0,35690,25493,15296,7,18
mangrove_pressure_plate,wood,44.0,1963,1402,841,7,18
mangrove_propagule,plant,1.0,0,0,0,0,0
mangrove_roots,plant,1.0,0,0,0,0,0
mangrove_shelf,wood,320.0,14276,10197,6118,7,18
mangrove_sign,wood,40.0,1784,1275,765,7,18
mangrove_slab,wood,400.0,17845,12746,7648,7,18
mangrove_stairs,wood,600.0,26767,19120,11472,7,18
mangrove_trapdoor,wood,150.0,6692,4780,2868,7,18
mangrove_wall_hanging_sign,wood,24.0,1071,765,459,7,18
mangrove_wall_sign,wood,32.0,1428,1020,612,7,18
mangrove_wood,wood_log,850.0,35690,30591,20394,7,18
medium_amethyst_bud,plant,1.0,0,0,0,0,0
melon,organic,700.0,1020,306,102,0,3
melon_stem,plant,1.0,0,0,0,0,0
moss_block,organic,300.0,1020,306,102,1,5
moss_carpet,organic,18.8,64,19,6,1,5
mossy_cobblestone,stone,2200.0,30591,1530,510,0,10
mossy_cobblestone_slab,stone,1100.0,15296,765,255,0,10
mossy_cobblestone_stairs,stone,1650.0,22943,1147,382,0,10
mossy_cobblestone_wall,stone,1100.0,15296,765,255,0,10
mossy_stone_brick_slab,stone,1300.0,25493,2549,1275,1,12
mossy_stone_brick_stairs,stone,1950.0,38239,3824,1912,1,12
mossy_stone_brick_wall,stone,1300.0,25493,2549,1275,1,12
mossy_stone_bricks,stone,2600.0,50986,5099,2549,1,12
moving_piston,technical,0.0,0,0,0,0,0
mud,soil,1730.0,204,20,5,0,0
mud_brick_slab,ceramic,850.0,2549,255,102,0,4
mud_brick_stairs,ceramic,1275.0,3824,382,153,0,4
mud_brick_wall,ceramic,850.0,2549,255,102,0,4
mud_bricks,ceramic,1700.0,5099,510,204,0,4
muddy_mangrove_roots,plant,1.0,0,0,0,0,0
mushroom_stem,plant,1.0,0,0,0,0,0
mycelium,soil,1300.0,510,153,51,0,1
nether_brick_fence,ceramic,500.0,3824,255,127,0,7
nether_brick_slab,ceramic,1000.0,7648,510,255,0,7
nether_brick_stairs,ceramic,1500.0,11472,765,382,0,7
nether_brick_wall,ceramic,1000.0,7648,510,255,0,7
nether_bricks,ceramic,2000.0,15296,1020,510,0,7
nether_gold_ore,ore,2200.0,12237,1020,510,0,6
nether_portal,technical,0.0,0,0,0,0,0
nether_quartz_ore,ore,2200.0,12237,1020,510,0,6
nether_sprouts,plant,1.0,0,0,0,0,0
nether_wart,plant,1.0,0,0,0,0,0
nether_wart_block,organic,400.0,1020,306,102,0,4
netherite_block,metal,21000.0,407884,407884,407884,5,12
netherrack,stone,1900.0,15296,1530,816,0,8
note_block,wood_utility,700.0,35690,20394,12237,7,20
oak_button,wood,7.0,357,255,153,8,20
oak_door,wood,131.2,6692,4780,2868,8,20
oak_fence,wood,175.0,8922,6373,3824,8,20
oak_fence_gate,wood,175.0,8922,6373,3824,8,20
oak_hanging_sign,wood,21.0,1071,765,459,8,20
oak_leaves,plant,80.0,102,51,51,0,3
oak_log,wood_log,750.0,35690,30591,20394,8,19
oak_planks,wood,700.0,35690,25493,15296,8,20
oak_pressure_plate,wood,38.5,1963,1402,841,8,20
oak_sapling,plant,1.0,0,0,0,0,0
oak_shelf,wood,280.0,14276,10197,6118,8,20
oak_sign,wood,35.0,1784,1275,765,8,20
oak_slab,wood,350.0,17845,12746,7648,8,20
oak_stairs,wood,525.0,26767,19120,11472,8,20
oak_trapdoor,wood,131.2,6692,4780,2868,8,20
oak_wall_hanging_sign,wood,21.0,1071,765,459,8,20
oak_wall_sign,wood,28.0,1428,1020,612,8,20
oak_wood,wood_log,750.0,35690,30591,20394,8,19
observer,utility,2600.0,30591,3059,1530,1,9
obsidian,stone,2550.0,101971,2039,1020,0,17
ochre_froglight,organic,300.0,1020,306,102,1,5
open_eyeblossom,plant,1.0,0,0,0,0,0
orange_banner,soft,5.0,10,2,2,0,4
orange_bed,soft,175.0,178,36,36,0,2
orange_candle,organic,4.8,5,2,1,0,2
orange_candle_cake,organic,320.0,408,122,41,0,3
orange_carpet,soft,15.6,32,6,6,0,4
orange_concrete,stone_like,2400.0,30591,3059,1530,1,10
orange_concrete_powder,granular,1600.0,510,1,0,0,1
orange_glazed_terracotta,ceramic,2000.0,15296,1020,510,0,7
orange_poplar_leaves,plant,80.0,102,51,51,0,3
orange_shulker_box,container,340.0,4334,1734,867,2,10
orange_stained_glass,glass,2500.0,50986,1020,510,0,12
orange_stained_glass_pane,glass,312.5,6373,127,64,0,12
orange_terracotta,ceramic,2000.0,15296,1020,510,0,7
orange_tulip,plant,1.0,0,0,0,0,0
orange_wall_banner,soft,5.0,10,2,2,0,4
orange_wool,soft,250.0,510,102,102,0,4
orange_wool_slab,soft,125.0,255,51,51,0,4
orange_wool_stairs,soft,187.5,382,76,76,0,4
oxeye_daisy,plant,1.0,0,0,0,0,0
oxidized_chiseled_copper,metal,8960.0,152956,152956,152956,5,11
oxidized_copper,metal,8960.0,152956,152956,152956,5,11
oxidized_copper_bars,metal,716.8,12237,12237,12237,5,11
oxidized_copper_bulb,metal,8960.0,152956,152956,152956,5,11
oxidized_copper_chain,metal,268.8,4589,4589,4589,5,11
oxidized_copper_chest,metal,8960.0,152956,152956,152956,5,11
oxidized_copper_door,metal,1680.0,28679,28679,28679,5,11
oxidized_copper_golem_statue,metal,5376.0,91774,91774,91774,5,11
oxidized_copper_grate,metal,4480.0,76478,76478,76478,5,11
oxidized_copper_lantern,metal,448.0,7648,7648,7648,5,11
oxidized_copper_trapdoor,metal,1680.0,28679,28679,28679,5,11
oxidized_cut_copper,metal,8960.0,152956,152956,152956,5,11
oxidized_cut_copper_slab,metal,4480.0,76478,76478,76478,5,11
oxidized_cut_copper_stairs,metal,6720.0,114717,114717,114717,5,11
oxidized_lightning_rod,metal,268.8,7648,7648,7648,7,15
packed_ice,frozen,920.0,10197,1530,816,1,9
packed_mud,soil,1700.0,204,20,5,0,0
pale_hanging_moss,plant,1.0,0,0,0,0,0
pale_moss_block,organic,300.0,1020,306,102,1,5
pale_moss_carpet,organic,18.8,64,19,6,1,5
pale_oak_button,wood,6.5,357,255,153,8,20
pale_oak_door,wood,121.9,6692,4780,2868,8,20
pale_oak_fence,wood,162.5,8922,6373,3824,8,20
pale_oak_fence_gate,wood,162.5,8922,6373,3824,8,20
pale_oak_hanging_sign,wood,19.5,1071,765,459,8,20
pale_oak_leaves,plant,80.0,102,51,51,0,3
pale_oak_log,wood_log,700.0,35690,30591,20394,8,20
pale_oak_planks,wood,650.0,35690,25493,15296,8,20
pale_oak_pressure_plate,wood,35.8,1963,1402,841,8,20
pale_oak_sapling,plant,1.0,0,0,0,0,0
pale_oak_shelf,wood,260.0,14276,10197,6118,8,20
pale_oak_sign,wood,32.5,1784,1275,765,8,20
pale_oak_slab,wood,325.0,17845,12746,7648,8,20
pale_oak_stairs,wood,487.5,26767,19120,11472,8,20
pale_oak_trapdoor,wood,121.9,6692,4780,2868,8,20
pale_oak_wall_hanging_sign,wood,19.5,1071,765,459,8,20
pale_oak_wall_sign,wood,26.0,1428,1020,612,8,20
pale_oak_wood,wood_log,700.0,35690,30591,20394,8,20
pearlescent_froglight,organic,300.0,1020,306,102,1,5
peony,plant,1.0,0,0,0,0,0
petrified_oak_slab,stone,1300.0,25493,2549,1275,1,12
piglin_head,organic,76.0,41,12,4,0,2
piglin_wall_head,organic,76.0,41,12,4,0,2
pink_banner,soft,5.0,10,2,2,0,4
pink_bed,soft,175.0,178,36,36,0,2
pink_candle,organic,4.8,5,2,1,0,2
pink_candle_cake,organic,320.0,408,122,41,0,3
pink_carpet,soft,15.6,32,6,6,0,4
pink_concrete,stone_like,2400.0,30591,3059,1530,1,10
pink_concrete_powder,granular,1600.0,510,1,0,0,1
pink_glazed_terracotta,ceramic,2000.0,15296,1020,510,0,7
pink_petals,plant,1.0,0,0,0,0,0
pink_shulker_box,container,340.0,4334,1734,867,2,10
pink_stained_glass,glass,2500.0,50986,1020,510,0,12
pink_stained_glass_pane,glass,312.5,6373,127,64,0,12
pink_terracotta,ceramic,2000.0,15296,1020,510,0,7
pink_tulip,plant,1.0,0,0,0,0,0
pink_wall_banner,soft,5.0,10,2,2,0,4
pink_wool,soft,250.0,510,102,102,0,4
pink_wool_slab,soft,125.0,255,51,51,0,4
pink_wool_stairs,soft,187.5,382,76,76,0,4
piston,utility,2600.0,30591,3059,1530,1,9
piston_head,technical,0.0,0,0,0,0,0
pitcher_crop,plant,1.0,0,0,0,0,0
pitcher_plant,plant,1.0,0,0,0,0,0
player_head,organic,76.0,41,12,4,0,2
player_wall_head,organic,76.0,41,12,4,0,2
podzol,soil,1200.0,510,153,51,0,1
pointed_dripstone,plant,1.0,0,0,0,0,0
polished_andesite,stone,2650.0,50986,5099,2549,1,12
polished_andesite_slab,stone,1325.0,25493,2549,1275,1,12
polished_andesite_stairs,stone,1987.5,38239,3824,1912,1,12
polished_basalt,stone,3000.0,81577,6118,3059,1,14
polished_blackstone,stone,2900.0,61183,6118,3059,1,12
polished_blackstone_brick_slab,stone,1450.0,30591,3059,1530,1,12
polished_blackstone_brick_stairs,stone,2175.0,45887,4589,2294,1,12
polished_blackstone_brick_wall,stone,1450.0,30591,3059,1530,1,12
polished_blackstone_bricks,stone,2900.0,61183,6118,3059,1,12
polished_blackstone_button,stone,29.0,612,61,31,1,12
polished_blackstone_pressure_plate,stone,159.5,3365,337,168,1,12
polished_blackstone_slab,stone,1450.0,30591,3059,1530,1,12
polished_blackstone_stairs,stone,2175.0,45887,4589,2294,1,12
polished_blackstone_wall,stone,1450.0,30591,3059,1530,1,12
polished_cinnabar,mineral,8100.0,30591,1020,510,0,5
polished_cinnabar_slab,mineral,4050.0,15296,510,255,0,5
polished_cinnabar_stairs,mineral,6075.0,22943,765,382,0,5
polished_cinnabar_wall,mineral,4050.0,15296,510,255,0,5
polished_deepslate,stone,2800.0,81577,8158,4079,1,15
polished_deepslate_slab,stone,1400.0,40788,4079,2039,1,15
polished_deepslate_stairs,stone,2100.0,61183,6118,3059,1,15
polished_deepslate_wall,stone,1400.0,40788,4079,2039,1,15
polished_diorite,stone,2800.0,50986,5099,2549,1,12
polished_diorite_slab,stone,1400.0,25493,2549,1275,1,12
polished_diorite_stairs,stone,2100.0,38239,3824,1912,1,12
polished_granite,stone,2700.0,50986,5099,2549,1,12
polished_granite_slab,stone,1350.0,25493,2549,1275,1,12
polished_granite_stairs,stone,2025.0,38239,3824,1912,1,12
polished_sulfur,mineral,2070.0,10197,510,204,0,6
polished_sulfur_slab,mineral,1035.0,5099,255,102,0,6
polished_sulfur_stairs,mineral,1552.5,7648,382,153,0,6
polished_sulfur_wall,mineral,1035.0,5099,255,102,0,6
polished_tuff,stone,1600.0,20394,2039,1020,1,10
polished_tuff_slab,stone,800.0,10197,1020,510,1,10
polished_tuff_stairs,stone,1200.0,15296,1530,765,1,10
polished_tuff_wall,stone,800.0,10197,1020,510,1,10
poplar_button,wood,4.2,357,255,153,10,26
poplar_door,wood,78.8,6692,4780,2868,10,26
poplar_fence,wood,105.0,8922,6373,3824,10,26
poplar_fence_gate,wood,105.0,8922,6373,3824,10,26
poplar_hanging_sign,wood,12.6,1071,765,459,10,26
poplar_log,wood_log,450.0,35690,30591,20394,11,25
poplar_planks,wood,420.0,35690,25493,15296,10,26
poplar_pressure_plate,wood,23.1,1963,1402,841,10,26
poplar_sapling,plant,1.0,0,0,0,0,0
poplar_shelf,wood,168.0,14276,10197,6118,10,26
poplar_sign,wood,21.0,1784,1275,765,10,26
poplar_slab,wood,210.0,17845,12746,7648,10,26
poplar_stairs,wood,315.0,26767,19120,11472,10,26
poplar_trapdoor,wood,78.8,6692,4780,2868,10,26
poplar_wall_hanging_sign,wood,12.6,1071,765,459,10,26
poplar_wall_sign,wood,16.8,1428,1020,612,10,26
poplar_wood,wood_log,450.0,35690,30591,20394,11,25
poppy,plant,1.0,0,0,0,0,0
potatoes,plant,1.0,0,0,0,0,0
potent_sulfur,mineral,2070.0,10197,510,204,0,6
potted_acacia_sapling,plant,8.0,0,0,0,0,0
potted_allium,plant,8.0,0,0,0,0,0
potted_azalea_bush,plant,8.0,0,0,0,0,0
potted_azure_bluet,plant,8.0,0,0,0,0,0
potted_bamboo,plant,8.0,0,0,0,0,0
potted_birch_sapling,plant,8.0,0,0,0,0,0
potted_blue_orchid,plant,8.0,0,0,0,0,0
potted_brown_mushroom,plant,8.0,0,0,0,0,0
potted_cactus,plant,8.0,0,0,0,0,0
potted_cherry_sapling,plant,8.0,0,0,0,0,0
potted_closed_eyeblossom,plant,8.0,0,0,0,0,0
potted_cornflower,plant,8.0,0,0,0,0,0
potted_crimson_fungus,plant,8.0,0,0,0,0,0
potted_crimson_roots,plant,8.0,0,0,0,0,0
potted_dandelion,plant,8.0,0,0,0,0,0
potted_dark_oak_sapling,plant,8.0,0,0,0,0,0
potted_dead_bush,plant,8.0,0,0,0,0,0
potted_fern,plant,8.0,0,0,0,0,0
potted_flowering_azalea_bush,plant,8.0,0,0,0,0,0
potted_golden_dandelion,plant,8.0,0,0,0,0,0
potted_jungle_sapling,plant,8.0,0,0,0,0,0
potted_lily_of_the_valley,plant,8.0,0,0,0,0,0
potted_mangrove_propagule,plant,8.0,0,0,0,0,0
potted_oak_sapling,plant,8.0,0,0,0,0,0
potted_open_eyeblossom,plant,8.0,0,0,0,0,0
potted_orange_tulip,plant,8.0,0,0,0,0,0
potted_oxeye_daisy,plant,8.0,0,0,0,0,0
potted_pale_oak_sapling,plant,8.0,0,0,0,0,0
potted_pink_tulip,plant,8.0,0,0,0,0,0
potted_poplar_sapling,plant,8.0,0,0,0,0,0
potted_poppy,plant,8.0,0,0,0,0,0
potted_red_mushroom,plant,8.0,0,0,0,0,0
potted_red_tulip,plant,8.0,0,0,0,0,0
potted_spruce_sapling,plant,8.0,0,0,0,0,0
potted_torchflower,plant,8.0,0,0,0,0,0
potted_warped_fungus,plant,8.0,0,0,0,0,0
potted_warped_roots,plant,8.0,0,0,0,0,0
potted_white_tulip,plant,8.0,0,0,0,0,0
potted_wither_rose,plant,8.0,0,0,0,0,0
powder_snow,frozen,200.0,51,0,0,0,1
powder_snow_cauldron,utility,780.0,9177,918,459,1,9
powered_rail,metal,157.4,5099,5099,5099,7,16
prismarine,stone,2600.0,50986,5099,2549,1,12
prismarine_brick_slab,ceramic,950.0,7648,510,255,0,8
prismarine_brick_stairs,ceramic,1425.0,11472,765,382,0,8
prismarine_bricks,ceramic,1900.0,15296,1020,510,0,8
prismarine_slab,stone,1300.0,25493,2549,1275,1,12
prismarine_stairs,stone,1950.0,38239,3824,1912,1,12
prismarine_wall,stone,1300.0,25493,2549,1275,1,12
pumpkin,organic,700.0,1020,306,102,0,3
pumpkin_stem,plant,1.0,0,0,0,0,0
purple_banner,soft,5.0,10,2,2,0,4
purple_bed,soft,175.0,178,36,36,0,2
purple_candle,organic,4.8,5,2,1,0,2
purple_candle_cake,organic,320.0,408,122,41,0,3
purple_carpet,soft,15.6,32,6,6,0,4
purple_concrete,stone_like,2400.0,30591,3059,1530,1,10
purple_concrete_powder,granular,1600.0,510,1,0,0,1
purple_glazed_terracotta,ceramic,2000.0,15296,1020,510,0,7
purple_shulker_box,container,340.0,4334,1734,867,2,10
purple_stained_glass,glass,2500.0,50986,1020,510,0,12
purple_stained_glass_pane,glass,312.5,6373,127,64,0,12
purple_terracotta,ceramic,2000.0,15296,1020,510,0,7
purple_wall_banner,soft,5.0,10,2,2,0,4
purple_wool,soft,250.0,510,102,102,0,4
purple_wool_slab,soft,125.0,255,51,51,0,4
purple_wool_stairs,soft,187.5,382,76,76,0,4
purpur_block,mineral,2650.0,40788,3059,1530,1,11
purpur_pillar,mineral,2650.0,40788,3059,1530,1,11
purpur_slab,mineral,1325.0,20394,1530,765,1,11
purpur_stairs,mineral,1987.5,30591,2294,1147,1,11
quartz_block,mineral,2650.0,40788,3059,1530,1,11
quartz_bricks,ceramic,1900.0,15296,1020,510,0,8
quartz_pillar,mineral,2650.0,40788,3059,1530,1,11
quartz_slab,mineral,1325.0,20394,1530,765,1,11
quartz_stairs,mineral,1987.5,30591,2294,1147,1,11
rail,metal,157.4,5099,5099,5099,7,16
raw_copper_block,metal,6000.0,254928,254928,254928,8,18
raw_gold_block,metal,12000.0,254928,254928,254928,6,13
raw_iron_block,metal,5000.0,254928,254928,254928,9,20
red_banner,soft,5.0,10,2,2,0,4
red_bed,soft,175.0,178,36,36,0,2
red_candle,organic,4.8,5,2,1,0,2
red_candle_cake,organic,320.0,408,122,41,0,3
red_carpet,soft,15.6,32,6,6,0,4
red_concrete,stone_like,2400.0,30591,3059,1530,1,10
red_concrete_powder,granular,1600.0,510,1,0,0,1
red_glazed_terracotta,ceramic,2000.0,15296,1020,510,0,7
red_mushroom,plant,1.0,0,0,0,0,0
red_mushroom_block,organic,150.0,1020,306,102,1,7
red_nether_brick_slab,ceramic,1000.0,7648,510,255,0,7
red_nether_brick_stairs,ceramic,1500.0,11472,765,382,0,7
red_nether_brick_wall,ceramic,1000.0,7648,510,255,0,7
red_nether_bricks,ceramic,2000.0,15296,1020,510,0,7
red_poplar_leaves,plant,80.0,102,51,51,0,3
red_sand,granular,1600.0,510,1,0,0,1
red_sandstone,stone,2300.0,30591,2039,1020,0,10
red_sandstone_slab,stone,1150.0,15296,1020,510,0,10
red_sandstone_stairs,stone,1725.0,22943,1530,765,0,10
red_sandstone_wall,stone,1150.0,15296,1020,510,0,10
red_shrub,plant,1.0,0,0,0,0,0
red_shulker_box,container,340.0,4334,1734,867,2,10
red_stained_glass,glass,2500.0,50986,1020,510,0,12
red_stained_glass_pane,glass,312.5,6373,127,64,0,12
red_terracotta,ceramic,2000.0,15296,1020,510,0,7
red_tulip,plant,1.0,0,0,0,0,0
red_wall_banner,soft,5.0,10,2,2,0,4
red_wool,soft,250.0,510,102,102,0,4
red_wool_slab,soft,125.0,255,51,51,0,4
red_wool_stairs,soft,187.5,382,76,76,0,4
redstone_block,gem,5000.0,61183,10197,5099,1,9
redstone_lamp,utility,2600.0,30591,3059,1530,1,9
redstone_ore,ore,2900.0,40788,4079,2039,1,10
redstone_torch,stone,13.0,255,25,13,1,12
redstone_wall_torch,stone,13.0,255,25,13,1,12
redstone_wire,technical,0.0,0,0,0,0,0
reinforced_deepslate,unbreakable,6000.0,10197100,10197100,10197100,57,64
repeater,utility,2600.0,30591,3059,1530,1,9
repeating_command_block,utility,2600.0,30591,3059,1530,1,9
resin_block,mineral,1100.0,20394,2039,1020,1,12
resin_brick_slab,mineral,550.0,10197,1020,510,1,12
resin_brick_stairs,mineral,825.0,15296,1530,765,1,12
resin_brick_wall,mineral,550.0,10197,1020,510,1,12
resin_bricks,mineral,1100.0,20394,2039,1020,1,12
resin_clump,plant,1.0,0,0,0,0,0
respawn_anchor,utility,2600.0,30591,3059,1530,1,9
rooted_dirt,soil,1400.0,306,51,10,0,1
rose_bush,plant,1.0,0,0,0,0,0
sand,granular,1600.0,510,1,0,0,1
sandstone,stone,2300.0,30591,2039,1020,0,10
sandstone_slab,stone,1150.0,15296,1020,510,0,10
sandstone_stairs,stone,1725.0,22943,1530,765,0,10
sandstone_wall,stone,1150.0,15296,1020,510,0,10
scaffolding,plant,1.0,0,0,0,0,0
sculk,organic,900.0,1020,306,102,0,3
sculk_catalyst,organic,900.0,1020,306,102,0,3
sculk_sensor,organic,900.0,1020,306,102,0,3
sculk_shrieker,organic,900.0,1020,306,102,0,3
sculk_vein,plant,1.0,0,0,0,0,0
sea_lantern,mineral,2500.0,40788,3059,1530,1,11
sea_pickle,plant,1.0,0,0,0,0,0
seagrass,plant,1.0,0,0,0,0,0
shelf_mushroom,plant,1.0,0,0,0,0,0
short_dry_grass,plant,1.0,0,0,0,0,0
short_grass,plant,1.0,0,0,0,0,0
shroomlight,organic,300.0,1020,306,102,1,5
shulker_box,container,340.0,4334,1734,867,2,10
skeleton_skull,organic,76.0,41,12,4,0,2
skeleton_wall_skull,organic,76.0,41,12,4,0,2
slime_block,organic,1300.0,1020,306,102,0,2
small_amethyst_bud,plant,1.0,0,0,0,0,0
small_dripleaf,plant,1.0,0,0,0,0,0
smithing_table,wood_utility,700.0,35690,20394,12237,7,20
smoker,utility,2600.0,30591,3059,1530,1,9
smooth_basalt,stone,3000.0,81577,6118,3059,1,14
smooth_quartz,mineral,2650.0,40788,3059,1530,1,11
smooth_quartz_slab,mineral,1325.0,20394,1530,765,1,11
smooth_quartz_stairs,mineral,1987.5,30591,2294,1147,1,11
smooth_red_sandstone,stone,2300.0,30591,2039,1020,0,10
smooth_red_sandstone_slab,stone,1150.0,15296,1020,510,0,10
smooth_red_sandstone_stairs,stone,1725.0,22943,1530,765,0,10
smooth_sandstone,stone,2300.0,30591,2039,1020,0,10
smooth_sandstone_slab,stone,1150.0,15296,1020,510,0,10
smooth_sandstone_stairs,stone,1725.0,22943,1530,765,0,10
smooth_stone,stone,2600.0,50986,5099,2549,1,12
smooth_stone_slab,stone,1300.0,25493,2549,1275,1,12
sniffer_egg,plant,1.0,0,0,0,0,0
snow,frozen,25.0,32,3,1,0,3
snow_block,frozen,400.0,510,51,10,0,3
soul_campfire,wood_utility,210.0,10707,6118,3671,7,20
soul_fire,technical,0.0,0,0,0,0,0
soul_lantern,metal,393.5,12746,12746,12746,7,16
soul_sand,granular,1400.0,510,1,0,0,1
soul_soil,soil,1300.0,306,51,10,0,1
soul_torch,wood,3.0,178,127,76,8,21
soul_wall_torch,wood,3.0,178,127,76,8,21
spawner,device,7870.0,30591,3059,1530,0,5
sponge,organic,100.0,1020,306,102,2,9
spore_blossom,plant,1.0,0,0,0,0,0
spruce_button,wood,4.5,357,255,153,10,25
spruce_door,wood,84.4,6692,4780,2868,10,25
spruce_fence,wood,112.5,8922,6373,3824,10,25
spruce_fence_gate,wood,112.5,8922,6373,3824,10,25
spruce_hanging_sign,wood,13.5,1071,765,459,10,25
spruce_leaves,plant,80.0,102,51,51,0,3
spruce_log,wood_log,500.0,35690,30591,20394,10,23
spruce_planks,wood,450.0,35690,25493,15296,10,25
spruce_pressure_plate,wood,24.8,1963,1402,841,10,25
spruce_sapling,plant,1.0,0,0,0,0,0
spruce_shelf,wood,180.0,14276,10197,6118,10,25
spruce_sign,wood,22.5,1784,1275,765,10,25
spruce_slab,wood,225.0,17845,12746,7648,10,25
spruce_stairs,wood,337.5,26767,19120,11472,10,25
spruce_trapdoor,wood,84.4,6692,4780,2868,10,25
spruce_wall_hanging_sign,wood,13.5,1071,765,459,10,25
spruce_wall_sign,wood,18.0,1428,1020,612,10,25
spruce_wood,wood_log,500.0,35690,30591,20394,10,23
sticky_piston,utility,2600.0,30591,3059,1530,1,9
stone,stone,2600.0,50986,5099,2549,1,12
stone_brick_slab,stone,1300.0,25493,2549,1275,1,12
stone_brick_stairs,stone,1950.0,38239,3824,1912,1,12
stone_brick_wall,stone,1300.0,25493,2549,1275,1,12
stone_bricks,stone,2600.0,50986,5099,2549,1,12
stone_button,stone,26.0,510,51,25,1,12
stone_pressure_plate,stone,143.0,2804,280,140,1,12
stone_slab,stone,1300.0,25493,2549,1275,1,12
stone_stairs,stone,1950.0,38239,3824,1912,1,12
stonecutter,utility,2600.0,30591,3059,1530,1,9
straw_bed,wood_utility,700.0,35690,20394,12237,7,20
stripped_acacia_log,wood_log,800.0,35690,30591,20394,8,18
stripped_acacia_wood,wood_log,800.0,35690,30591,20394,8,18
stripped_bamboo_block,wood_log,700.0,35690,30591,20394,8,20
stripped_birch_log,wood_log,650.0,35690,30591,20394,9,20
stripped_birch_wood,wood_log,650.0,35690,30591,20394,9,20
stripped_cherry_log,wood_log,610.0,35690,30591,20394,9,21
stripped_cherry_wood,wood_log,610.0,35690,30591,20394,9,21
stripped_crimson_hyphae,wood_log,550.0,35690,30591,20394,10,22
stripped_crimson_stem,plant,1.0,0,0,0,0,0
stripped_dark_oak_log,wood_log,900.0,35690,30591,20394,7,17
stripped_dark_oak_wood,wood_log,900.0,35690,30591,20394,7,17
stripped_jungle_log,wood_log,850.0,35690,30591,20394,7,18
stripped_jungle_wood,wood_log,850.0,35690,30591,20394,7,18
stripped_mangrove_log,wood_log,850.0,35690,30591,20394,7,18
stripped_mangrove_wood,wood_log,850.0,35690,30591,20394,7,18
stripped_oak_log,wood_log,750.0,35690,30591,20394,8,19
stripped_oak_wood,wood_log,750.0,35690,30591,20394,8,19
stripped_pale_oak_log,wood_log,700.0,35690,30591,20394,8,20
stripped_pale_oak_wood,wood_log,700.0,35690,30591,20394,8,20
stripped_poplar_log,wood_log,450.0,35690,30591,20394,11,25
stripped_poplar_wood,wood_log,450.0,35690,30591,20394,11,25
stripped_spruce_log,wood_log,500.0,35690,30591,20394,10,23
stripped_spruce_wood,wood_log,500.0,35690,30591,20394,10,23
stripped_warped_hyphae,wood_log,550.0,35690,30591,20394,10,22
stripped_warped_stem,plant,1.0,0,0,0,0,0
structure_block,technical,0.0,0,0,0,0,0
structure_void,technical,0.0,0,0,0,0,0
sugar_cane,plant,1.0,0,0,0,0,0
sulfur,mineral,2070.0,10197,510,204,0,6
sulfur_brick_slab,mineral,1035.0,5099,255,102,0,6
sulfur_brick_stairs,mineral,1552.5,7648,382,153,0,6
sulfur_brick_wall,mineral,1035.0,5099,255,102,0,6
sulfur_bricks,mineral,2070.0,10197,510,204,0,6
sulfur_slab,mineral,1035.0,5099,255,102,0,6
sulfur_spike,plant,1.0,0,0,0,0,0
sulfur_stairs,mineral,1552.5,7648,382,153,0,6
sulfur_wall,mineral,1035.0,5099,255,102,0,6
sunflower,plant,1.0,0,0,0,0,0
suspicious_gravel,granular,1680.0,510,1,0,0,1
suspicious_sand,granular,1600.0,510,1,0,0,1
sweet_berry_bush,plant,1.0,0,0,0,0,0
tall_dry_grass,plant,1.0,0,0,0,0,0
tall_grass,plant,1.0,0,0,0,0,0
tall_seagrass,plant,1.0,0,0,0,0,0
target,utility,2600.0,30591,3059,1530,1,9
terracotta,ceramic,2000.0,15296,1020,510,0,7
test_block,technical,0.0,0,0,0,0,0
test_instance_block,technical,0.0,0,0,0,0,0
tinted_glass,glass,2500.0,50986,1020,510,0,12
tnt,device,1600.0,30591,3059,1530,1,12
torch,wood,3.0,178,127,76,8,21
torchflower,plant,1.0,0,0,0,0,0
torchflower_crop,plant,1.0,0,0,0,0,0
trapped_chest,wood_utility,595.0,30336,17335,10401,7,20
trial_spawner,device,7870.0,30591,3059,1530,0,5
tripwire,technical,0.0,0,0,0,0,0
tripwire_hook,plant,1.0,0,0,0,0,0
tube_coral,coral,1500.0,5099,510,204,0,5
tube_coral_block,coral,1500.0,5099,510,204,0,5
tube_coral_fan,coral,15.0,51,5,2,0,5
tube_coral_wall_fan,coral,15.0,51,5,2,0,5
tuff,stone,1600.0,20394,2039,1020,1,10
tuff_brick_slab,stone,800.0,10197,1020,510,1,10
tuff_brick_stairs,stone,1200.0,15296,1530,765,1,10
tuff_brick_wall,stone,800.0,10197,1020,510,1,10
tuff_bricks,stone,1600.0,20394,2039,1020,1,10
tuff_slab,stone,800.0,10197,1020,510,1,10
tuff_stairs,stone,1200.0,15296,1530,765,1,10
tuff_wall,stone,800.0,10197,1020,510,1,10
turtle_egg,plant,1.0,0,0,0,0,0
twisting_vines,plant,1.0,0,0,0,0,0
twisting_vines_plant,plant,1.0,0,0,0,0,0
vault,device,7870.0,30591,3059,1530,0,5
verdant_froglight,organic,300.0,1020,306,102,1,5
vine,plant,1.0,0,0,0,0,0
void_air,technical,0.0,0,0,0,0,0
wall_torch,wood,3.0,178,127,76,8,21
warped_button,wood,5.0,357,255,153,9,23
warped_door,wood,93.8,6692,4780,2868,9,23
warped_fence,wood,125.0,8922,6373,3824,9,23
warped_fence_gate,wood,125.0,8922,6373,3824,9,23
warped_fungus,plant,1.0,0,0,0,0,0
warped_hanging_sign,wood,15.0,1071,765,459,9,23
warped_hyphae,wood_log,550.0,35690,30591,20394,10,22
warped_nylium,stone,1900.0,50986,5099,2549,1,14
warped_planks,wood,500.0,35690,25493,15296,9,23
warped_pressure_plate,wood,27.5,1963,1402,841,9,23
warped_roots,plant,1.0,0,0,0,0,0
warped_shelf,wood,200.0,14276,10197,6118,9,23
warped_sign,wood,25.0,1784,1275,765,9,23
warped_slab,wood,250.0,17845,12746,7648,9,23
warped_stairs,wood,375.0,26767,19120,11472,9,23
warped_stem,plant,1.0,0,0,0,0,0
warped_trapdoor,wood,93.8,6692,4780,2868,9,23
warped_wall_hanging_sign,wood,15.0,1071,765,459,9,23
warped_wall_sign,wood,20.0,1428,1020,612,9,23
warped_wart_block,organic,400.0,1020,306,102,0,4
water,technical,0.0,0,0,0,0,0
water_cauldron,utility,780.0,9177,918,459,1,9
waxed_chiseled_copper,metal,8960.0,152956,152956,152956,5,11
waxed_copper_bars,metal,716.8,12237,12237,12237,5,11
waxed_copper_block,metal,8960.0,152956,152956,152956,5,11
waxed_copper_bulb,metal,8960.0,152956,152956,152956,5,11
waxed_copper_chain,metal,268.8,4589,4589,4589,5,11
waxed_copper_chest,metal,8960.0,152956,152956,152956,5,11
waxed_copper_door,metal,1680.0,28679,28679,28679,5,11
waxed_copper_golem_statue,metal,5376.0,91774,91774,91774,5,11
waxed_copper_grate,metal,4480.0,76478,76478,76478,5,11
waxed_copper_lantern,metal,448.0,7648,7648,7648,5,11
waxed_copper_trapdoor,metal,1680.0,28679,28679,28679,5,11
waxed_cut_copper,metal,8960.0,152956,152956,152956,5,11
waxed_cut_copper_slab,metal,4480.0,76478,76478,76478,5,11
waxed_cut_copper_stairs,metal,6720.0,114717,114717,114717,5,11
waxed_exposed_chiseled_copper,metal,8960.0,152956,152956,152956,5,11
waxed_exposed_copper,metal,8960.0,152956,152956,152956,5,11
waxed_exposed_copper_bars,metal,716.8,12237,12237,12237,5,11
waxed_exposed_copper_bulb,metal,8960.0,152956,152956,152956,5,11
waxed_exposed_copper_chain,metal,268.8,4589,4589,4589,5,11
waxed_exposed_copper_chest,metal,8960.0,152956,152956,152956,5,11
waxed_exposed_copper_door,metal,1680.0,28679,28679,28679,5,11
waxed_exposed_copper_golem_statue,metal,5376.0,91774,91774,91774,5,11
waxed_exposed_copper_grate,metal,4480.0,76478,76478,76478,5,11
waxed_exposed_copper_lantern,metal,448.0,7648,7648,7648,5,11
waxed_exposed_copper_trapdoor,metal,1680.0,28679,28679,28679,5,11
waxed_exposed_cut_copper,metal,8960.0,152956,152956,152956,5,11
waxed_exposed_cut_copper_slab,metal,4480.0,76478,76478,76478,5,11
waxed_exposed_cut_copper_stairs,metal,6720.0,114717,114717,114717,5,11
waxed_exposed_lightning_rod,metal,268.8,7648,7648,7648,7,15
waxed_lightning_rod,metal,268.8,7648,7648,7648,7,15
waxed_oxidized_chiseled_copper,metal,8960.0,152956,152956,152956,5,11
waxed_oxidized_copper,metal,8960.0,152956,152956,152956,5,11
waxed_oxidized_copper_bars,metal,716.8,12237,12237,12237,5,11
waxed_oxidized_copper_bulb,metal,8960.0,152956,152956,152956,5,11
waxed_oxidized_copper_chain,metal,268.8,4589,4589,4589,5,11
waxed_oxidized_copper_chest,metal,8960.0,152956,152956,152956,5,11
waxed_oxidized_copper_door,metal,1680.0,28679,28679,28679,5,11
waxed_oxidized_copper_golem_statue,metal,5376.0,91774,91774,91774,5,11
waxed_oxidized_copper_grate,metal,4480.0,76478,76478,76478,5,11
waxed_oxidized_copper_lantern,metal,448.0,7648,7648,7648,5,11
waxed_oxidized_copper_trapdoor,metal,1680.0,28679,28679,28679,5,11
waxed_oxidized_cut_copper,metal,8960.0,152956,152956,152956,5,11
waxed_oxidized_cut_copper_slab,metal,4480.0,76478,76478,76478,5,11
waxed_oxidized_cut_copper_stairs,metal,6720.0,114717,114717,114717,5,11
waxed_oxidized_lightning_rod,metal,268.8,7648,7648,7648,7,15
waxed_weathered_chiseled_copper,metal,8960.0,152956,152956,152956,5,11
waxed_weathered_copper,metal,8960.0,152956,152956,152956,5,11
waxed_weathered_copper_bars,metal,716.8,12237,12237,12237,5,11
waxed_weathered_copper_bulb,metal,8960.0,152956,152956,152956,5,11
waxed_weathered_copper_chain,metal,268.8,4589,4589,4589,5,11
waxed_weathered_copper_chest,metal,8960.0,152956,152956,152956,5,11
waxed_weathered_copper_door,metal,1680.0,28679,28679,28679,5,11
waxed_weathered_copper_golem_statue,metal,5376.0,91774,91774,91774,5,11
waxed_weathered_copper_grate,metal,4480.0,76478,76478,76478,5,11
waxed_weathered_copper_lantern,metal,448.0,7648,7648,7648,5,11
waxed_weathered_copper_trapdoor,metal,1680.0,28679,28679,28679,5,11
waxed_weathered_cut_copper,metal,8960.0,152956,152956,152956,5,11
waxed_weathered_cut_copper_slab,metal,4480.0,76478,76478,76478,5,11
waxed_weathered_cut_copper_stairs,metal,6720.0,114717,114717,114717,5,11
waxed_weathered_lightning_rod,metal,268.8,7648,7648,7648,7,15
weathered_chiseled_copper,metal,8960.0,152956,152956,152956,5,11
weathered_copper,metal,8960.0,152956,152956,152956,5,11
weathered_copper_bars,metal,716.8,12237,12237,12237,5,11
weathered_copper_bulb,metal,8960.0,152956,152956,152956,5,11
weathered_copper_chain,metal,268.8,4589,4589,4589,5,11
weathered_copper_chest,metal,8960.0,152956,152956,152956,5,11
weathered_copper_door,metal,1680.0,28679,28679,28679,5,11
weathered_copper_golem_statue,metal,5376.0,91774,91774,91774,5,11
weathered_copper_grate,metal,4480.0,76478,76478,76478,5,11
weathered_copper_lantern,metal,448.0,7648,7648,7648,5,11
weathered_copper_trapdoor,metal,1680.0,28679,28679,28679,5,11
weathered_cut_copper,metal,8960.0,152956,152956,152956,5,11
weathered_cut_copper_slab,metal,4480.0,76478,76478,76478,5,11
weathered_cut_copper_stairs,metal,6720.0,114717,114717,114717,5,11
weathered_lightning_rod,metal,268.8,7648,7648,7648,7,15
weeping_vines,plant,1.0,0,0,0,0,0
weeping_vines_plant,plant,1.0,0,0,0,0,0
wet_sponge,organic,1000.0,1020,306,102,0,2
wheat,plant,1.0,0,0,0,0,0
white_banner,soft,5.0,10,2,2,0,4
white_bed,soft,175.0,178,36,36,0,2
white_candle,organic,4.8,5,2,1,0,2
white_candle_cake,organic,320.0,408,122,41,0,3
white_carpet,soft,15.6,32,6,6,0,4
white_concrete,stone_like,2400.0,30591,3059,1530,1,10
white_concrete_powder,granular,1600.0,510,1,0,0,1
white_glazed_terracotta,ceramic,2000.0,15296,1020,510,0,7
white_shulker_box,container,340.0,4334,1734,867,2,10
white_stained_glass,glass,2500.0,50986,1020,510,0,12
white_stained_glass_pane,glass,312.5,6373,127,64,0,12
white_terracotta,ceramic,2000.0,15296,1020,510,0,7
white_tulip,plant,1.0,0,0,0,0,0
white_wall_banner,soft,5.0,10,2,2,0,4
white_wool,soft,250.0,510,102,102,0,4
white_wool_slab,soft,125.0,255,51,51,0,4
white_wool_stairs,soft,187.5,382,76,76,0,4
wildflowers,plant,1.0,0,0,0,0,0
wither_rose,plant,1.0,0,0,0,0,0
wither_skeleton_skull,organic,76.0,41,12,4,0,2
wither_skeleton_wall_skull,organic,76.0,41,12,4,0,2
yellow_banner,soft,5.0,10,2,2,0,4
yellow_bed,soft,175.0,178,36,36,0,2
yellow_candle,organic,4.8,5,2,1,0,2
yellow_candle_cake,organic,320.0,408,122,41,0,3
yellow_carpet,soft,15.6,32,6,6,0,4
yellow_concrete,stone_like,2400.0,30591,3059,1530,1,10
yellow_concrete_powder,granular,1600.0,510,1,0,0,1
yellow_glazed_terracotta,ceramic,2000.0,15296,1020,510,0,7
yellow_poplar_leaves,plant,80.0,102,51,51,0,3
yellow_shulker_box,container,340.0,4334,1734,867,2,10
yellow_stained_glass,glass,2500.0,50986,1020,510,0,12
yellow_stained_glass_pane,glass,312.5,6373,127,64,0,12
yellow_terracotta,ceramic,2000.0,15296,1020,510,0,7
yellow_wall_banner,soft,5.0,10,2,2,0,4
yellow_wool,soft,250.0,510,102,102,0,4
yellow_wool_slab,soft,125.0,255,51,51,0,4
yellow_wool_stairs,soft,187.5,382,76,76,0,4
zombie_head,organic,76.0,41,12,4,0,2
zombie_wall_head,organic,76.0,41,12,4,0,2
